{"cameraMode":{"drawMode":0,"name":"Shaded","section":"Shading Mode"},"sceneLighting":true,"audioPlay":false,"sceneViewState":{"showFog":true,"showMaterialUpdate":false,"showSkybox":true,"showFlares":true,"showImageEffects":true,"showParticleSystems":true},"in2DMode":false,"pivot":{"x":-2.0799999237060549,"y":0.0,"z":14.930000305175782},"rotation":{"x":0.4078032970428467,"y":-0.1820865422487259,"z":0.08340548723936081,"w":0.8908336162567139},"size":21.467111587524415,"orthographic":false}