{"cameraMode":{"drawMode":0,"name":"Shaded","section":"Shading Mode"},"sceneLighting":true,"audioPlay":false,"sceneViewState":{"showFog":true,"showMaterialUpdate":false,"showSkybox":true,"showFlares":true,"showImageEffects":true,"showParticleSystems":true},"in2DMode":false,"pivot":{"x":2.384185791015625e-7,"y":0.8714234232902527,"z":-0.03748524188995361},"rotation":{"x":0.29488134384155276,"y":0.15192453563213349,"z":-0.047500740736722949,"w":0.9421824216842651},"size":7.486119747161865,"orthographic":false}