{"cameraMode":{"drawMode":0,"name":"Shaded","section":"Shading Mode"},"sceneLighting":false,"audioPlay":false,"sceneViewState":{"showFog":true,"showMaterialUpdate":false,"showSkybox":false,"showFlares":true,"showImageEffects":true,"showParticleSystems":true},"in2DMode":false,"pivot":{"x":2.384185791015625e-7,"y":0.8714234232902527,"z":-0.03748524188995361},"rotation":{"x":-0.026477409526705743,"y":-0.9727491140365601,"z":0.18184424936771394,"w":-0.14138855040073396},"size":2.3552627563476564,"orthographic":false}